Day,Time,Teacher,Location,Payment Method,Class Type,Status,Web,Payment Ref #,,
03/10/2020,Saturday,4:00 PM,Mark,BYL Online,Annual Unlimited £1099 (Paid in Advance),Dynamic Vinyasa Flow LIVESTREAM,Signed in,Yes,626134,
19/09/2020,Saturday,4:00 PM,Kristal,BYL Online,Annual Unlimited £1099 (Paid in Advance),Dynamic Vinyasa Flow LIVESTREAM,Signed in,Yes,626134,
09/09/2020,Wednesday,5:00 PM,Bernadine,BYL Online,Annual Unlimited £1099 (Paid in Advance),Inferno Pilates LIVESTREAM,Signed in,Yes,626134,
04/09/2020,Friday,7:30 PM,Aleksei,BYL Canary Wharf,Annual Unlimited £1099 (Paid in Advance),Hot Jivamukti,Signed in,Yes,626134,
28/08/2020,Friday,7:30 PM,Brigita,BYL Canary Wharf,Annual Unlimited £1099 (Paid in Advance),Hot Jivamukti,Signed in,Yes,626134,
24/08/2020,Monday,5:15 PM,Annalisa,BYL Canary Wharf,Annual Unlimited £1099 (Paid in Advance),Hot Jivamukti,Signed in,Yes,626134,
17/08/2020,Monday,5:15 PM,Annalisa,BYL Canary Wharf,Annual Unlimited £1099 (Paid in Advance),Hot Jivamukti,Signed in,Yes,626134,
15/08/2020,Saturday,4:00 PM,Sumit,BYL Online,Annual Unlimited £1099 (Paid in Advance),Dynamic Hot Vinyasa Flow,Signed in,Yes,626134,
14/08/2020,Friday,7:30 PM,Annalisa,BYL Canary Wharf,Annual Unlimited £1099 (Paid in Advance),Hot Jivamukti,Signed in,Yes,626134,
10/08/2020,Monday,5:00 PM,Amanda,BYL Online,Annual Unlimited £1099 (Paid in Advance),Inferno Pilates LIVESTREAM,Signed in,Yes,626134,
08/08/2020,Saturday,4:00 PM,Sumit,BYL Online,Annual Unlimited £1099 (Paid in Advance),Dynamic Hot Vinyasa Flow,Signed in,Yes,626134,
07/08/2020,Friday,5:00 PM,Lizzie,BYL Online,Annual Unlimited £1099 (Paid in Advance),Yin Yoga LIVESTREAM,Signed in,Yes,626134,
01/08/2020,Saturday,4:00 PM,Sumit,BYL Online,Annual Unlimited £1099 (Paid in Advance),Dynamic Hot Vinyasa Flow,Signed in,Yes,626134,
30/07/2020,Thursday,4:00 PM,Lizzie,BYL Online,Annual Unlimited £1099 (Paid in Advance),Dynamic Vinyasa Flow LIVESTREAM,Signed in,Yes,626134,
28/07/2020,Tuesday,4:00 PM,Kiraly,BYL Online,Annual Unlimited £1099 (Paid in Advance),Inferno Pilates LIVESTREAM,Signed in,Yes,626134,
25/07/2020,Saturday,4:00 PM,Sumit,BYL Online,Annual Unlimited £1099 (Paid in Advance),Dynamic Vinyasa Flow LIVESTREAM,Signed in,Yes,626134,
21/07/2020,Tuesday,4:00 PM,Kiraly,BYL Canary Wharf,Annual Unlimited £1099 (Paid in Advance),Inferno Pilates LIVESTREAM,Signed in,Yes,626134,
20/07/2020,Monday,5:00 PM,Lizzie,BYL Canary Wharf,Annual Unlimited £1099 (Paid in Advance),Yinyang LIVESTREAM,Signed in,Yes,626134,
18/07/2020,Saturday,4:00 PM,Sumit,BYL Canary Wharf,Annual Unlimited £1099 (Paid in Advance),Dynamic Vinyasa Flow LIVESTREAM,Signed in,Yes,626134,
16/07/2020,Thursday,4:00 PM,Andy,BYL Canary Wharf,Annual Unlimited £1099 (Paid in Advance),Dynamic Vinyasa Flow LIVESTREAM,Signed in,Yes,626134,
14/07/2020,Tuesday,4:00 PM,Kiraly,BYL Canary Wharf,Annual Unlimited £1099 (Paid in Advance),Inferno Pilates LIVESTREAM,Signed in,Yes,626134,
13/07/2020,Monday,5:00 PM,Lizzie,BYL Canary Wharf,Annual Unlimited £1099 (Paid in Advance),Yinyang LIVESTREAM,Signed in,Yes,626134,
11/07/2020,Saturday,4:00 PM,Sumit,BYL Canary Wharf,Annual Unlimited £1099 (Paid in Advance),Dynamic Vinyasa Flow LIVESTREAM,Signed in,Yes,626134,
09/07/2020,Thursday,4:00 PM,Lizzie,BYL Canary Wharf,Annual Unlimited £1099 (Paid in Advance),Dynamic Vinyasa Flow LIVESTREAM,Signed in,Yes,626134,
07/07/2020,Tuesday,4:00 PM,Kiraly,BYL Canary Wharf,Annual Unlimited £1099 (Paid in Advance),Inferno Pilates LIVESTREAM,Signed in,Yes,626134,
04/07/2020,Saturday,4:00 PM,Sumit,BYL Canary Wharf,Annual Unlimited £1099 (Paid in Advance),Dynamic Vinyasa Flow LIVESTREAM,Signed in,Yes,626134,
02/07/2020,Thursday,4:00 PM,Lizzie,BYL Canary Wharf,Annual Unlimited £1099 (Paid in Advance),Dynamic Vinyasa Flow LIVESTREAM,Signed in,Yes,626134,
30/06/2020,Tuesday,4:00 PM,Kiraly,BYL Canary Wharf,Annual Unlimited £1099 (Paid in Advance),Inferno Pilates LIVESTREAM,Signed in,Yes,626134,
29/06/2020,Monday,5:00 PM,Lizzie,BYL Canary Wharf,Annual Unlimited £1099 (Paid in Advance),Yinyang LIVESTREAM,Signed in,Yes,626134,
27/06/2020,Saturday,4:00 PM,Lizzie,BYL Canary Wharf,Annual Unlimited £1099 (Paid in Advance),Dynamic Vinyasa Flow LIVESTREAM,Signed in,Yes,626134,
25/06/2020,Thursday,4:00 PM,Lizzie,BYL Canary Wharf,Annual Unlimited £1099 (Paid in Advance),Dynamic Vinyasa Flow LIVESTREAM,Signed in,Yes,626134,
23/06/2020,Tuesday,4:00 PM,Kiraly,BYL Canary Wharf,Annual Unlimited £1099 (Paid in Advance),Inferno Pilates LIVESTREAM,Signed in,Yes,626134,
20/06/2020,Saturday,4:00 PM,Sumit,BYL Canary Wharf,Annual Unlimited £1099 (Paid in Advance),Dynamic Vinyasa Flow LIVESTREAM,Signed in,Yes,626134,
18/06/2020,Thursday,4:00 PM,Lizzie,BYL Canary Wharf,Annual Unlimited £1099 (Paid in Advance),Dynamic Vinyasa Flow LIVESTREAM,Signed in,Yes,626134,
16/06/2020,Tuesday,4:00 PM,Kiraly,BYL Canary Wharf,Annual Unlimited £1099 (Paid in Advance),Inferno Pilates LIVESTREAM,Signed in,Yes,626134,
15/06/2020,Monday,5:00 PM,Lizzie,BYL Canary Wharf,Annual Unlimited £1099 (Paid in Advance),Yinyang LIVESTREAM,Signed in,Yes,626134,
14/06/2020,Sunday,4:00 PM,Aleksei,BYL Canary Wharf,Annual Unlimited £1099 (Paid in Advance),Jivamukti LIVESTREAM,Signed in,Yes,626134,
13/06/2020,Saturday,4:00 PM,Sumit,BYL Canary Wharf,Annual Unlimited £1099 (Paid in Advance),Dynamic Vinyasa Flow LIVESTREAM,Signed in,Yes,626134,
11/06/2020,Thursday,4:00 PM,Lizzie,BYL Canary Wharf,Annual Unlimited £1099 (Paid in Advance),Dynamic Vinyasa Flow LIVESTREAM,Signed in,Yes,626134,
09/06/2020,Tuesday,4:00 PM,Kiraly,BYL Canary Wharf,Annual Unlimited £1099 (Paid in Advance),Inferno Pilates LIVESTREAM,Signed in,Yes,626134,
08/06/2020,Monday,5:00 PM,Lizzie,BYL Canary Wharf,Annual Unlimited £1099 (Paid in Advance),Yinyang LIVESTREAM,Signed in,Yes,626134,
06/06/2020,Saturday,4:00 PM,Sumit,BYL Canary Wharf,Annual Unlimited £1099 (Paid in Advance),Dynamic Vinyasa Flow LIVESTREAM,Signed in,Yes,626134,
04/06/2020,Thursday,4:00 PM,Andy,BYL Canary Wharf,Annual Unlimited £1099 (Paid in Advance),Dynamic Vinyasa Flow LIVESTREAM,Signed in,Yes,626134,
02/06/2020,Tuesday,4:00 PM,Kiraly,BYL Canary Wharf,Annual Unlimited £1099 (Paid in Advance),Inferno Pilates LIVESTREAM,Signed in,Yes,626134,
01/06/2020,Monday,5:00 PM,Lizzie,BYL Canary Wharf,Annual Unlimited £1099 (Paid in Advance),Yinyang LIVESTREAM,Signed in,Yes,626134,
30/05/2020,Saturday,4:00 PM,Sumit,BYL Canary Wharf,Annual Unlimited £1099 (Paid in Advance),Dynamic Vinyasa Flow LIVESTREAM,Signed in,Yes,626134,
28/05/2020,Thursday,4:00 PM,Lizzie,BYL Canary Wharf,Annual Unlimited £1099 (Paid in Advance),Dynamic Vinyasa Flow LIVESTREAM,Signed in,Yes,626134,
26/05/2020,Tuesday,4:00 PM,Kiraly,BYL Canary Wharf,Annual Unlimited £1099 (Paid in Advance),Inferno Pilates LIVESTREAM,Signed in,Yes,626134,
23/05/2020,Saturday,4:00 PM,Sumit,BYL Canary Wharf,Annual Unlimited £1099 (Paid in Advance),Dynamic Vinyasa Flow LIVESTREAM,Signed in,Yes,626134,
21/05/2020,Thursday,4:00 PM,Andy,BYL Canary Wharf,Annual Unlimited £1099 (Paid in Advance),Dynamic Vinyasa Flow LIVESTREAM,Signed in,Yes,626134,
19/05/2020,Tuesday,4:00 PM,Kiraly,BYL Canary Wharf,Annual Unlimited £1099 (Paid in Advance),Inferno Pilates LIVESTREAM,Signed in,Yes,626134,
18/05/2020,Monday,5:00 PM,Sumit,BYL Canary Wharf,Annual Unlimited £1099 (Paid in Advance),Yinyang LIVESTREAM,Signed in,Yes,626134,
16/05/2020,Saturday,4:00 PM,Sumit,BYL Canary Wharf,Annual Unlimited £1099 (Paid in Advance),Dynamic Vinyasa Flow LIVESTREAM,Signed in,Yes,626134,
14/05/2020,Thursday,4:00 PM,Lizzie,BYL Canary Wharf,Annual Unlimited £1099 (Paid in Advance),Dynamic Vinyasa Flow LIVESTREAM,Signed in,Yes,626134,
09/05/2020,Saturday,4:00 PM,Sumit,BYL Canary Wharf,Annual Unlimited £1099 (Paid in Advance),Dynamic Vinyasa Flow LIVESTREAM,Signed in,Yes,626134,
05/05/2020,Tuesday,4:00 PM,Kiraly,BYL Canary Wharf,Annual Unlimited £1099 (Paid in Advance),Inferno Pilates LIVESTREAM,Signed in,Yes,626134,
04/05/2020,Monday,5:00 PM,Lizzie,BYL Canary Wharf,Annual Unlimited £1099 (Paid in Advance),Yinyang LIVESTREAM,Signed in,Yes,626134,
02/05/2020,Saturday,4:00 PM,Sumit,BYL Canary Wharf,Annual Unlimited £1099 (Paid in Advance),Dynamic Vinyasa Flow LIVESTREAM,Signed in,Yes,626134,
30/04/2020,Thursday,4:00 PM,Lizzie,BYL Canary Wharf,Annual Unlimited £1099 (Paid in Advance),Dynamic Vinyasa Flow LIVESTREAM,Signed in,Yes,626134,
28/04/2020,Tuesday,4:00 PM,Kiraly,BYL Canary Wharf,Annual Unlimited £1099 (Paid in Advance),Inferno Pilates LIVESTREAM,Signed in,Yes,626134,
27/04/2020,Monday,5:00 PM,Lizzie,BYL Canary Wharf,Annual Unlimited £1099 (Paid in Advance),Yinyang LIVESTREAM,Signed in,Yes,626134,
25/04/2020,Saturday,4:00 PM,Sumit,BYL Canary Wharf,Annual Unlimited £1099 (Paid in Advance),Dynamic Vinyasa Flow LIVESTREAM,Signed in,Yes,626134,
23/04/2020,Thursday,4:00 PM,Lizzie,BYL Canary Wharf,Annual Unlimited £1099 (Paid in Advance),Dynamic Vinyasa Flow LIVESTREAM,Signed in,Yes,626134,
22/04/2020,Wednesday,7:00 AM,Sharon,BYL Canary Wharf,Annual Unlimited £1099 (Paid in Advance),Inferno Pilates LIVESTREAM,Signed in,Yes,626134,
21/04/2020,Tuesday,4:00 PM,Kiraly,BYL Canary Wharf,Annual Unlimited £1099 (Paid in Advance),Inferno Pilates LIVESTREAM,Signed in,Yes,626134,
20/04/2020,Monday,5:00 PM,Lizzie,BYL Canary Wharf,Annual Unlimited £1099 (Paid in Advance),Yinyang LIVESTREAM,Signed in,Yes,626134,
18/04/2020,Saturday,4:00 PM,Sumit,BYL Canary Wharf,Annual Unlimited £1099 (Paid in Advance),Dynamic Vinyasa Flow LIVESTREAM,Signed in,Yes,626134,
16/04/2020,Thursday,4:00 PM,Lizzie,BYL Canary Wharf,Annual Unlimited £1099 (Paid in Advance),Dynamic Vinyasa Flow LIVESTREAM,Signed in,Yes,626134,
15/04/2020,Wednesday,7:00 AM,Sharon,BYL Canary Wharf,Annual Unlimited £1099 (Paid in Advance),Inferno Pilates LIVESTREAM,Signed in,Yes,626134,
14/04/2020,Tuesday,4:00 PM,Kiraly,BYL Canary Wharf,Annual Unlimited £1099 (Paid in Advance),Inferno Pilates LIVESTREAM,Signed in,Yes,626134,
09/04/2020,Thursday,4:00 PM,Lizzie,BYL Canary Wharf,Annual Unlimited £1099 (Paid in Advance),Dynamic Vinyasa Flow LIVESTREAM,Signed in,Yes,626134,
08/04/2020,Wednesday,7:00 AM,Sharon,BYL Canary Wharf,Annual Unlimited £1099 (Paid in Advance),Inferno Pilates LIVESTREAM,Signed in,Yes,626134,
06/04/2020,Monday,5:00 PM,Lizzie,BYL Canary Wharf,Annual Unlimited £1099 (Paid in Advance),Yinyang LIVESTREAM,Signed in,Yes,626134,
02/04/2020,Thursday,4:00 PM,Lizzie,BYL Canary Wharf,Annual Unlimited £1099 (Paid in Advance),Dynamic Vinyasa Flow LIVESTREAM,Signed in,Yes,626134,
31/03/2020,Tuesday,8:00 AM,Tammy,BYL Canary Wharf,Annual Unlimited £1099 (Paid in Advance),BYL Express LIVESTREAM,Signed in,Yes,626134,
30/03/2020,Monday,5:00 PM,Lizzie,BYL Canary Wharf,Annual Unlimited £1099 (Paid in Advance),Yinyang LIVESTREAM,Signed in,Yes,626134,
26/03/2020,Thursday,4:00 PM,Lizzie,BYL Canary Wharf,Annual Unlimited £1099 (Paid in Advance),Dynamic Vinyasa Flow (60),Signed in,Yes,626134,
24/03/2020,Tuesday,4:00 PM,Kiraly,BYL Canary Wharf,Annual Unlimited £1099 (Paid in Advance),Inferno Pilates,Signed in,Yes,626134,
23/03/2020,Monday,5:00 PM,Lizzie,BYL Canary Wharf,Annual Unlimited £1099 (Paid in Advance),Yinyang LIVESTREAM,Signed in,Yes,626134,
16/03/2020,Monday,5:15 PM,Sumit,BYL Canary Wharf,Annual Unlimited £1099 (Paid in Advance),Hot Jivamukti,Signed in,No,626134,
11/03/2020,Wednesday,4:15 PM,Sumit,BYL London Bridge,Annual Unlimited £1099 (Paid in Advance),BYL Hot Power Flow,Signed in,No,626134,
10/03/2020,Tuesday,4:30 PM,Richard,BYL London Bridge,Annual Unlimited £1099 (Paid in Advance),BYL Express (60),Signed in,No,626134,
04/03/2020,Wednesday,4:15 PM,Bernardo,BYL London Bridge,Annual Unlimited £1099 (Paid in Advance),BYL Hot Power Flow,Signed in,No,626134,
02/03/2020,Monday,5:15 PM,Annalisa,BYL Canary Wharf,Annual Unlimited £1099 (Paid in Advance),Hot Jivamukti,Signed in,No,626134,
26/02/2020,Wednesday,5:30 PM,Naomi,BYL London Bridge,Annual Unlimited £1099 (Paid in Advance),BYL Express (60),Signed in,No,626134,
24/02/2020,Monday,5:15 PM,Chloe,BYL Canary Wharf,Annual Unlimited £1099 (Paid in Advance),Hot Jivamukti,Signed in,No,626134,
20/02/2020,Thursday,5:00 PM,Almania,BYL London Bridge,Annual Unlimited £1099 (Paid in Advance),Bikram Yoga,Signed in,No,626134,
19/02/2020,Wednesday,5:30 PM,Divya,BYL London Bridge,Annual Unlimited £1099 (Paid in Advance),BYL Express (60),Signed in,No,626134,
18/02/2020,Tuesday,6:00 PM,Divya,BYL London Bridge,Annual Unlimited £1099 (Paid in Advance),Bikram Yoga,Signed in,No,626134,
17/02/2020,Monday,5:15 PM,Chloe,BYL Canary Wharf,Annual Unlimited £1099 (Paid in Advance),Hot Jivamukti,Signed in,No,626134,
06/02/2020,Thursday,5:00 PM,Almania,BYL London Bridge,Annual Unlimited £1099 (Paid in Advance),Bikram Yoga,Signed in,No,626134,
05/02/2020,Wednesday,5:30 PM,Naomi,BYL London Bridge,Annual Unlimited £1099 (Paid in Advance),BYL Express (60),Signed in,No,626134,
03/02/2020,Monday,5:15 PM,Chloe,BYL Canary Wharf,Annual Unlimited £1099 (Paid in Advance),Hot Jivamukti,Signed in,No,626134,
30/01/2020,Thursday,5:00 PM,Almania,BYL London Bridge,Annual Unlimited £1099 (Paid in Advance),Bikram Yoga,Signed in,No,626134,
29/01/2020,Wednesday,5:30 PM,Naomi,BYL London Bridge,Annual Unlimited £1099 (Paid in Advance),BYL Express (60),Signed in,No,626134,
28/01/2020,Tuesday,6:00 PM,Almania,BYL Canary Wharf,Annual Unlimited £1099 (Paid in Advance),Bikram Yoga,Signed in,No,626134,
27/01/2020,Monday,5:15 PM,Chloe,BYL Canary Wharf,Annual Unlimited £1099 (Paid in Advance),Hot Jivamukti,Signed in,No,626134,
24/01/2020,Friday,5:00 PM,Divya,BYL London Bridge,Annual Unlimited £1099 (Paid in Advance),Bikram Yoga,Signed in,No,626134,
23/01/2020,Thursday,5:00 PM,Almania,BYL London Bridge,Annual Unlimited £1099 (Paid in Advance),Bikram Yoga,Signed in,No,626134,
22/01/2020,Wednesday,5:30 PM,Naomi,BYL London Bridge,Annual Unlimited £1099 (Paid in Advance),BYL Express (60),Absent,No,626134,
20/01/2020,Monday,5:15 PM,Chloe,BYL Canary Wharf,Annual Unlimited £1099 (Paid in Advance),Hot Jivamukti,Signed in,No,626134,
16/01/2020,Thursday,5:00 PM,Almania,BYL London Bridge,Annual Unlimited £1099 (Paid in Advance),Bikram Yoga,Signed in,No,626134,
15/01/2020,Wednesday,5:30 PM,Naomi,BYL London Bridge,Annual Unlimited £1099 (Paid in Advance),BYL Express (60),Signed in,No,626134,
13/01/2020,Monday,5:15 PM,Chloe,BYL Canary Wharf,Annual Unlimited £1099 (Paid in Advance),Hot Jivamukti,Signed in,No,626134,
08/01/2020,Wednesday,5:30 PM,Naomi,BYL London Bridge,Annual Unlimited £1099 (Paid in Advance),BYL Express (60),Signed in,No,626134,
07/01/2020,Tuesday,4:30 PM,Adrian,BYL London Bridge,Annual Unlimited £1099 (Paid in Advance),BYL Express (60),Signed in,No,626134,
06/01/2020,Monday,5:15 PM,Chloe,BYL Canary Wharf,Annual Unlimited £1099 (Paid in Advance),Hot Jivamukti,Signed in,No,626134,
03/01/2020,Friday,5:15 PM,Almania,BYL Canary Wharf,Annual Unlimited £1099 (Paid in Advance),Bikram Yoga,Signed in,No,626134,
30/12/2019,Monday,5:15 PM,Chloe,BYL Canary Wharf,Annual Unlimited £1099 (Paid in Advance),Hot Jivamukti,Signed in,No,626134,
29/12/2019,Sunday,4:00 PM,Elizabeth,BYL Canary Wharf,Annual Unlimited £1099 (Paid in Advance),Hot Jivamukti,Signed in,No,626134,
16/12/2019,Monday,5:15 PM,Sumit,BYL Canary Wharf,Annual Unlimited £1099 (Paid in Advance),Hot Jivamukti,Signed in,No,626134,
10/12/2019,Tuesday,6:00 PM,Almania,BYL Canary Wharf,Annual Unlimited £1099 (Paid in Advance),Bikram Yoga,Signed in,No,626134,
09/12/2019,Monday,5:15 PM,Richard,BYL Canary Wharf,Annual Unlimited £1099 (Paid in Advance),Bikram Yoga,Signed in,No,626134,
05/12/2019,Thursday,7:00 PM,Aleksei,BYL London Bridge,Annual Unlimited £1099 (Paid in Advance),Hot Jivamukti,Signed in,No,626134,
04/12/2019,Wednesday,5:30 PM,Naomi,BYL London Bridge,Annual Unlimited £1099 (Paid in Advance),BYL Express (60),Signed in,No,626134,
02/12/2019,Monday,5:15 PM,Chloe,BYL Canary Wharf,Annual Unlimited £1099 (Paid in Advance),Hot Jivamukti,Signed in,No,626134,
28/11/2019,Thursday,7:00 PM,Aleksei,BYL London Bridge,Annual Unlimited £1099 (Paid in Advance),Hot Jivamukti,Signed in,No,626134,
27/11/2019,Wednesday,5:30 PM,Naomi,BYL London Bridge,Annual Unlimited £1099 (Paid in Advance),BYL Express (60),Signed in,No,626134,
25/11/2019,Monday,5:15 PM,Chloe,BYL Canary Wharf,Annual Unlimited £1099 (Paid in Advance),Hot Jivamukti,Signed in,No,626134,
21/11/2019,Thursday,7:00 PM,Aleksei,BYL London Bridge,Annual Unlimited £1099 (Paid in Advance),Hot Jivamukti,Signed in,No,626134,
20/11/2019,Wednesday,7:15 PM,Lizzie,BYL Canary Wharf,Annual Unlimited £1099 (Paid in Advance),BYL Hot Power Flow,Signed in,No,626134,
19/11/2019,Tuesday,6:00 PM,Almania,BYL Canary Wharf,Annual Unlimited £1099 (Paid in Advance),Bikram Yoga,Signed in,No,626134,
18/11/2019,Monday,5:15 PM,Chloe,BYL Canary Wharf,Annual Unlimited £1099 (Paid in Advance),Hot Jivamukti,Signed in,No,626134,
16/11/2019,Saturday,3:45 PM,Lizzie,BYL Canary Wharf,Annual Unlimited £1099 (Paid in Advance),Yin Yang with Kirtan,Signed in,No,626134,
14/11/2019,Thursday,7:00 PM,Aleksei,BYL London Bridge,Annual Unlimited £1099 (Paid in Advance),Hot Jivamukti,Signed in,No,626134,
13/11/2019,Wednesday,5:30 PM,Naomi,BYL London Bridge,Annual Unlimited £1099 (Paid in Advance),BYL Express (60),Signed in,No,626134,
11/11/2019,Monday,5:15 PM,Chloe,BYL Canary Wharf,Annual Unlimited £1099 (Paid in Advance),Hot Jivamukti,Signed in,No,626134,
08/11/2019,Friday,7:15 PM,Annalisa,BYL Canary Wharf,Annual Unlimited £1099 (Paid in Advance),Hot Jivamukti,Signed in,No,626134,
07/11/2019,Thursday,7:00 PM,Aleksei,BYL London Bridge,Annual Unlimited £1099 (Paid in Advance),Hot Jivamukti,Signed in,No,626134,
06/11/2019,Wednesday,5:30 PM,Naomi,BYL London Bridge,Annual Unlimited £1099 (Paid in Advance),BYL Express (60),Signed in,No,626134,
05/11/2019,Tuesday,6:00 PM,Ilkka,BYL Canary Wharf,Annual Unlimited £1099 (Paid in Advance),Bikram Yoga,Absent,No,626134,
04/11/2019,Monday,5:15 PM,Chloe,BYL Canary Wharf,Annual Unlimited £1099 (Paid in Advance),Hot Jivamukti,Signed in,No,626134,
31/10/2019,Thursday,7:00 PM,Aleksei,BYL London Bridge,Annual Unlimited £1099 (Paid in Advance),Hot Jivamukti,Signed in,No,626134,
30/10/2019,Wednesday,7:15 PM,Lizzie,BYL Canary Wharf,Annual Unlimited £1099 (Paid in Advance),BYL Hot Power Flow,Signed in,No,626134,
29/10/2019,Tuesday,6:00 PM,Almania,BYL Canary Wharf,Annual Unlimited £1099 (Paid in Advance),Bikram Yoga,Signed in,No,626134,
28/10/2019,Monday,5:15 PM,Elizabeth,BYL Canary Wharf,Annual Unlimited £1099 (Paid in Advance),Hot Jivamukti,Signed in,No,626134,
25/10/2019,Friday,7:15 PM,Annalisa,BYL Canary Wharf,Annual Unlimited £1099 (Paid in Advance),Hot Jivamukti,Signed in,No,626134,
24/10/2019,Thursday,7:00 PM,Aleksei,BYL London Bridge,Annual Unlimited £1099 (Paid in Advance),Hot Jivamukti,Signed in,No,626134,
23/10/2019,Wednesday,7:15 PM,Andy,BYL Canary Wharf,Annual Unlimited £1099 (Paid in Advance),BYL Hot Power Flow,Signed in,No,626134,
22/10/2019,Tuesday,6:00 PM,Almania,BYL Canary Wharf,Annual Unlimited £1099 (Paid in Advance),Bikram Yoga,Signed in,No,626134,
21/10/2019,Monday,5:15 PM,Chloe,BYL Canary Wharf,Annual Unlimited £1099 (Paid in Advance),Hot Jivamukti,Signed in,No,626134,
17/10/2019,Thursday,4:30 PM,Leticia,BYL Canary Wharf,Annual Unlimited £1099 (Paid in Advance),Dynamic Vinyasa Flow (60),Signed in,No,626134,
16/10/2019,Wednesday,7:15 PM,Leticia,BYL Canary Wharf,Annual Unlimited £1099 (Paid in Advance),BYL Hot Power Flow,Signed in,No,626134,
14/10/2019,Monday,5:15 PM,Chloe,BYL Canary Wharf,Annual Unlimited £1099 (Paid in Advance),Hot Jivamukti,Signed in,No,626134,
11/10/2019,Friday,7:15 PM,Chloe,BYL Canary Wharf,Annual Unlimited £1099 (Paid in Advance),Hot Jivamukti,Signed in,No,626134,
10/10/2019,Thursday,7:00 PM,Aleksei,BYL London Bridge,Annual Unlimited £1099 (Paid in Advance),Hot Jivamukti,Signed in,No,626134,
09/10/2019,Wednesday,5:30 PM,Naomi,BYL London Bridge,Annual Unlimited £1099 (Paid in Advance),BYL Express (60),Signed in,No,626134,
08/10/2019,Tuesday,6:00 PM,Almania,BYL Canary Wharf,Annual Unlimited £1099 (Paid in Advance),Bikram Yoga,Signed in,No,626134,
04/10/2019,Friday,7:15 PM,Aishwarya,BYL Canary Wharf,Annual Unlimited £999 (Paid in Advance),Hot Jivamukti,Signed in,No,446800,
03/10/2019,Thursday,7:00 PM,Aleksei,BYL London Bridge,Annual Unlimited £999 (Paid in Advance),Hot Jivamukti,Signed in,No,446800,
02/10/2019,Wednesday,7:15 PM,Andy,BYL Canary Wharf,Annual Unlimited £999 (Paid in Advance),BYL Hot Power Flow,Signed in,No,446800,
30/09/2019,Monday,5:15 PM,Chloe,BYL Canary Wharf,Annual Unlimited £999 (Paid in Advance),Hot Jivamukti,Signed in,No,446800,
27/09/2019,Friday,7:15 PM,Annalisa,BYL Canary Wharf,Annual Unlimited £999 (Paid in Advance),Hot Jivamukti,Signed in,No,446800,
26/09/2019,Thursday,7:00 PM,Aleksei,BYL London Bridge,Annual Unlimited £999 (Paid in Advance),Hot Jivamukti,Signed in,No,446800,
25/09/2019,Wednesday,5:30 PM,Naomi,BYL London Bridge,Annual Unlimited £999 (Paid in Advance),BYL Express (60),Signed in,No,446800,
24/09/2019,Tuesday,6:00 PM,Lottie,BYL Canary Wharf,Annual Unlimited £999 (Paid in Advance),Bikram Yoga,Signed in,No,446800,
23/09/2019,Monday,5:15 PM,Chloe,BYL Canary Wharf,Annual Unlimited £999 (Paid in Advance),Hot Jivamukti,Signed in,No,446800,
13/09/2019,Friday,7:15 PM,Annalisa,BYL Canary Wharf,Annual Unlimited £999 (Paid in Advance),Hot Jivamukti,Signed in,No,446800,
12/09/2019,Thursday,7:00 PM,Aleksei,BYL London Bridge,Annual Unlimited £999 (Paid in Advance),Hot Jivamukti,Signed in,No,446800,
11/09/2019,Wednesday,5:30 PM,Naomi,BYL London Bridge,Annual Unlimited £999 (Paid in Advance),BYL Express (60),Signed in,No,446800,
09/09/2019,Monday,5:15 PM,Chloe,BYL Canary Wharf,Annual Unlimited £999 (Paid in Advance),Hot Jivamukti,Signed in,No,446800,
07/09/2019,Saturday,3:30 PM,Lizzie,BYL London Bridge,Annual Unlimited £999 (Paid in Advance),Dynamic Vinyasa Flow (60),Signed in,No,446800,
06/09/2019,Friday,7:15 PM,Annalisa,BYL Canary Wharf,Annual Unlimited £999 (Paid in Advance),Hot Jivamukti,Signed in,No,446800,
05/09/2019,Thursday,6:00 PM,Alessandro,BYL Canary Wharf,Annual Unlimited £999 (Paid in Advance),Bikram Music Beats,Signed in,No,446800,
04/09/2019,Wednesday,5:30 PM,Naomi,BYL London Bridge,Annual Unlimited £999 (Paid in Advance),BYL Express (60),Signed in,No,446800,
02/09/2019,Monday,5:15 PM,Chloe,BYL Canary Wharf,Annual Unlimited £999 (Paid in Advance),Hot Jivamukti,Signed in,No,446800,
30/08/2019,Friday,7:15 PM,Annalisa,BYL Canary Wharf,Annual Unlimited £999 (Paid in Advance),Hot Jivamukti,Signed in,No,446800,
29/08/2019,Thursday,7:00 PM,Chloe,BYL London Bridge,Annual Unlimited £999 (Paid in Advance),Hot Jivamukti,Signed in,No,446800,
28/08/2019,Wednesday,7:15 PM,Andy,BYL Canary Wharf,Annual Unlimited £999 (Paid in Advance),BYL Hot Power Flow,Signed in,No,446800,
27/08/2019,Tuesday,4:30 PM,Lottie,BYL Canary Wharf,Annual Unlimited £999 (Paid in Advance),BYL Express,Signed in,No,446800,
22/08/2019,Thursday,7:00 PM,Aleksei,BYL London Bridge,Annual Unlimited £999 (Paid in Advance),Hot Jivamukti,Signed in,No,446800,
21/08/2019,Wednesday,5:30 PM,Naomi,BYL London Bridge,Annual Unlimited £999 (Paid in Advance),BYL Express (60),Signed in,No,446800,
20/08/2019,Tuesday,6:00 PM,Divya,BYL Canary Wharf,Annual Unlimited £999 (Paid in Advance),Bikram Yoga,Signed in,No,446800,
19/08/2019,Monday,5:15 PM,Elizabeth,BYL Canary Wharf,Annual Unlimited £999 (Paid in Advance),Hot Jivamukti,Signed in,No,446800,
16/08/2019,Friday,7:15 PM,Annalisa,BYL Canary Wharf,Annual Unlimited £999 (Paid in Advance),Hot Jivamukti,Signed in,No,446800,
15/08/2019,Thursday,7:00 PM,Aleksei,BYL London Bridge,Annual Unlimited £999 (Paid in Advance),Hot Jivamukti,Signed in,No,446800,
14/08/2019,Wednesday,7:15 PM,Andy,BYL Canary Wharf,Annual Unlimited £999 (Paid in Advance),BYL Hot Power Flow,Signed in,No,446800,
12/08/2019,Monday,5:15 PM,Elizabeth,BYL Canary Wharf,Annual Unlimited £999 (Paid in Advance),Hot Jivamukti,Signed in,No,446800,
10/08/2019,Saturday,3:30 PM,Justin,BYL London Bridge,Handstanding Workshop £30,Handstands Workshop for All Levels,Signed in,No,645246,
09/08/2019,Friday,7:15 PM,Aishwarya,BYL Canary Wharf,Annual Unlimited £999 (Paid in Advance),Hot Jivamukti,Signed in,No,446800,
08/08/2019,Thursday,7:00 PM,Aleksei,BYL London Bridge,Annual Unlimited £999 (Paid in Advance),Hot Jivamukti,Absent,No,446800,
07/08/2019,Wednesday,7:15 PM,Andy,BYL Canary Wharf,Annual Unlimited £999 (Paid in Advance),BYL Hot Power Flow,Signed in,No,446800,
05/08/2019,Monday,5:15 PM,Elizabeth,BYL Canary Wharf,Annual Unlimited £999 (Paid in Advance),Hot Jivamukti,Signed in,No,446800,
02/08/2019,Friday,7:15 PM,Annalisa,BYL Canary Wharf,Annual Unlimited £999 (Paid in Advance),Hot Jivamukti,Signed in,No,446800,
01/08/2019,Thursday,7:00 PM,Martin (Austria),BYL London Bridge,Annual Unlimited £999 (Paid in Advance),Hot Jivamukti,Signed in,No,446800,
31/07/2019,Wednesday,7:15 PM,Andy,BYL Canary Wharf,Annual Unlimited £999 (Paid in Advance),BYL Hot Power Flow,Signed in,No,446800,
29/07/2019,Monday,5:15 PM,Elizabeth,BYL Canary Wharf,Annual Unlimited £999 (Paid in Advance),Hot Jivamukti,Signed in,No,446800,
27/07/2019,Saturday,3:30 PM,Leticia,BYL London Bridge,Annual Unlimited £999 (Paid in Advance),Dynamic Vinyasa Flow (60),Signed in,No,446800,
26/07/2019,Friday,7:15 PM,Elizabeth,BYL Canary Wharf,Annual Unlimited £999 (Paid in Advance),Hot Jivamukti,Signed in,No,446800,
24/07/2019,Wednesday,7:15 PM,Leticia,BYL Canary Wharf,Annual Unlimited £999 (Paid in Advance),BYL Hot Power Flow,Signed in,No,446800,
22/07/2019,Monday,5:15 PM,Elizabeth,BYL Canary Wharf,Annual Unlimited £999 (Paid in Advance),Hot Jivamukti,Signed in,No,446800,
20/07/2019,Saturday,3:30 PM,Lizzie,BYL London Bridge,Annual Unlimited £999 (Paid in Advance),Dynamic Vinyasa Flow (60),Signed in,No,446800,
18/07/2019,Thursday,7:00 PM,Aleksei,BYL London Bridge,Annual Unlimited £999 (Paid in Advance),Hot Jivamukti,Absent,No,446800,
15/07/2019,Monday,5:15 PM,Elizabeth,BYL Canary Wharf,Annual Unlimited £999 (Paid in Advance),Hot Jivamukti,Signed in,No,446800,
12/07/2019,Friday,7:15 PM,Elizabeth,BYL Canary Wharf,Annual Unlimited £999 (Paid in Advance),Hot Jivamukti,Signed in,No,446800,
11/07/2019,Thursday,7:00 PM,Aleksei,BYL London Bridge,Annual Unlimited £999 (Paid in Advance),Hot Jivamukti,Signed in,No,446800,
09/07/2019,Tuesday,6:00 PM,Almania,BYL Canary Wharf,Annual Unlimited £999 (Paid in Advance),Bikram Yoga,Signed in,No,446800,
08/07/2019,Monday,5:15 PM,Elizabeth,BYL Canary Wharf,Annual Unlimited £999 (Paid in Advance),Hot Jivamukti,Signed in,No,446800,
06/07/2019,Saturday,3:30 PM,Lizzie,BYL London Bridge,Annual Unlimited £999 (Paid in Advance),Dynamic Vinyasa Flow (60),Signed in,No,446800,
04/07/2019,Thursday,7:00 PM,Aleksei,BYL London Bridge,Annual Unlimited £999 (Paid in Advance),Hot Jivamukti,Signed in,No,446800,
03/07/2019,Wednesday,7:15 PM,Leticia,BYL Canary Wharf,Annual Unlimited £999 (Paid in Advance),BYL Hot Power Flow,Signed in,No,446800,
01/07/2019,Monday,5:15 PM,Elizabeth,BYL Canary Wharf,Annual Unlimited £999 (Paid in Advance),Hot Jivamukti,Signed in,No,446800,
26/06/2019,Wednesday,7:15 PM,Lizzie,BYL Canary Wharf,Annual Unlimited £999 (Paid in Advance),BYL Hot Power Flow,Signed in,No,446800,
24/06/2019,Monday,5:15 PM,Elizabeth,BYL Canary Wharf,Annual Unlimited £999 (Paid in Advance),Hot Jivamukti,Signed in,No,446800,
21/06/2019,Friday,5:15 PM,Almania,BYL Canary Wharf,Annual Unlimited £999 (Paid in Advance),Bikram Yoga,Signed in,No,446800,
20/06/2019,Thursday,8:45 PM,Lizzie,BYL London Bridge,Annual Unlimited £999 (Paid in Advance),Warm Yin Yoga,Absent,No,446800,
20/06/2019,Thursday,7:00 PM,Aleksei,BYL London Bridge,Annual Unlimited £999 (Paid in Advance),Hot Jivamukti,Absent,No,446800,
18/06/2019,Tuesday,6:00 PM,Almania,BYL Canary Wharf,Annual Unlimited £999 (Paid in Advance),Bikram Yoga,Signed in,No,446800,
17/06/2019,Monday,5:15 PM,Aishwarya,BYL Canary Wharf,Annual Unlimited £999 (Paid in Advance),Hot Jivamukti,Signed in,No,446800,
14/06/2019,Friday,7:15 PM,Annalisa,BYL Canary Wharf,Annual Unlimited £999 (Paid in Advance),Hot Jivamukti,Signed in,No,446800,
13/06/2019,Thursday,6:00 PM,Lizzie,BYL Canary Wharf,Annual Unlimited £999 (Paid in Advance),Bikram Music Beats,Signed in,No,446800,
12/06/2019,Wednesday,7:15 PM,Sacha,BYL Canary Wharf,Annual Unlimited £999 (Paid in Advance),BYL Hot Power Flow,Signed in,No,446800,
10/06/2019,Monday,5:15 PM,Elizabeth,BYL Canary Wharf,Annual Unlimited £999 (Paid in Advance),Hot Jivamukti,Signed in,No,446800,
07/06/2019,Friday,7:15 PM,Annalisa,BYL Canary Wharf,Annual Unlimited £999 (Paid in Advance),Hot Jivamukti,Signed in,No,446800,
05/06/2019,Wednesday,7:15 PM,Sacha,BYL Canary Wharf,Annual Unlimited £999 (Paid in Advance),BYL Hot Power Flow,Signed in,No,446800,
03/06/2019,Monday,5:15 PM,Elizabeth,BYL Canary Wharf,Annual Unlimited £999 (Paid in Advance),Hot Jivamukti,Signed in,No,446800,
02/06/2019,Sunday,4:00 PM,Annalisa,BYL Canary Wharf,Annual Unlimited £999 (Paid in Advance),Hot Jivamukti,Signed in,No,446800,
01/06/2019,Saturday,3:30 PM,Karolina,BYL London Bridge,Annual Unlimited £999 (Paid in Advance),Dynamic Vinyasa Flow (60),Signed in,No,446800,
31/05/2019,Friday,7:15 PM,Annalisa,BYL Canary Wharf,Annual Unlimited £999 (Paid in Advance),Hot Jivamukti,Signed in,No,446800,
30/05/2019,Thursday,4:30 PM,Andy,BYL Canary Wharf,Annual Unlimited £999 (Paid in Advance),Dynamic Vinyasa Flow (60),Signed in,No,446800,
24/05/2019,Friday,7:15 PM,Annalisa,BYL Canary Wharf,Annual Unlimited £999 (Paid in Advance),Hot Jivamukti,Signed in,No,446800,
23/05/2019,Thursday,4:30 PM,Andy,BYL Canary Wharf,Annual Unlimited £999 (Paid in Advance),Dynamic Vinyasa Flow (60),Signed in,No,446800,
22/05/2019,Wednesday,7:15 PM,Leticia,BYL Canary Wharf,Annual Unlimited £999 (Paid in Advance),BYL Hot Power Flow,Signed in,No,446800,
20/05/2019,Monday,5:15 PM,Karolina,BYL Canary Wharf,Annual Unlimited £999 (Paid in Advance),Hot Jivamukti,Signed in,No,446800,
19/05/2019,Sunday,4:00 PM,Annalisa,BYL Canary Wharf,Annual Unlimited £999 (Paid in Advance),Hot Jivamukti,Signed in,No,446800,
13/05/2019,Monday,5:15 PM,Karolina,BYL Canary Wharf,Annual Unlimited £999 (Paid in Advance),Hot Jivamukti,Signed in,No,446800,
06/05/2019,Monday,5:15 PM,Karolina,BYL Canary Wharf,Annual Unlimited £999 (Paid in Advance),Hot Jivamukti,Signed in,No,446800,
04/05/2019,Saturday,8:15 AM,Sharon,BYL Canary Wharf,Annual Unlimited £999 (Paid in Advance),Inferno Pilates,Signed in,No,446800,
02/05/2019,Thursday,4:30 PM,Lizzie,BYL Canary Wharf,Annual Unlimited £999 (Paid in Advance),Dynamic Vinyasa Flow (60),Signed in,No,446800,
01/05/2019,Wednesday,4:15 PM,Andy,BYL London Bridge,Annual Unlimited £999 (Paid in Advance),BYL Hot Power Flow,Signed in,No,446800,
29/04/2019,Monday,5:15 PM,Karolina,BYL Canary Wharf,Annual Unlimited £999 (Paid in Advance),Hot Jivamukti,Signed in,No,446800,
26/04/2019,Friday,7:15 PM,Elizabeth,BYL Canary Wharf,Annual Unlimited £999 (Paid in Advance),Hot Jivamukti,Signed in,No,446800,
25/04/2019,Thursday,4:30 PM,Aleksei,BYL Canary Wharf,Annual Unlimited £999 (Paid in Advance),Dynamic Vinyasa Flow (60),Signed in,No,446800,
01/04/2019,Monday,5:15 PM,Elizabeth,BYL Canary Wharf,Annual Unlimited £999 (Paid in Advance),Hot Jivamukti,Signed in,No,446800,
30/03/2019,Saturday,3:30 PM,Karolina,BYL London Bridge,Annual Unlimited £999 (Paid in Advance),Dynamic Vinyasa Flow (60),Signed in,No,446800,
28/03/2019,Thursday,4:30 PM,Lizzie,BYL Canary Wharf,Annual Unlimited £999 (Paid in Advance),Dynamic Vinyasa Flow (60),Signed in,No,446800,
27/03/2019,Wednesday,4:15 PM,Andy,BYL London Bridge,Annual Unlimited £999 (Paid in Advance),BYL Hot Power Flow,Signed in,No,446800,
26/03/2019,Tuesday,4:30 PM,Kaya,BYL London Bridge,Annual Unlimited £999 (Paid in Advance),BYL Express (60),Signed in,No,446800,
25/03/2019,Monday,5:15 PM,Elizabeth,BYL Canary Wharf,Annual Unlimited £999 (Paid in Advance),Hot Jivamukti,Signed in,No,446800,
24/03/2019,Sunday,4:00 PM,Annalisa,BYL Canary Wharf,Annual Unlimited £999 (Paid in Advance),Hot Jivamukti,Signed in,No,446800,
22/03/2019,Friday,10:00 AM,Kirsty,BYL Canary Wharf,Annual Unlimited £999 (Paid in Advance),Bikram Yoga,Signed in,No,446800,
21/03/2019,Thursday,4:30 PM,Lizzie,BYL Canary Wharf,Annual Unlimited £999 (Paid in Advance),Dynamic Vinyasa Flow (60),Signed in,No,446800,
19/03/2019,Tuesday,4:30 PM,Hassan,BYL London Bridge,Annual Unlimited £999 (Paid in Advance),BYL Express (60),Signed in,No,446800,
18/03/2019,Monday,5:15 PM,Elizabeth,BYL Canary Wharf,Annual Unlimited £999 (Paid in Advance),Hot Jivamukti,Signed in,No,446800,
14/03/2019,Thursday,4:30 PM,Andy,BYL Canary Wharf,Annual Unlimited £999 (Paid in Advance),Dynamic Vinyasa Flow (60),Signed in,No,446800,
12/03/2019,Tuesday,4:30 PM,Hassan,BYL London Bridge,Annual Unlimited £999 (Paid in Advance),BYL Express (60),Signed in,No,446800,
11/03/2019,Monday,5:15 PM,Elizabeth,BYL Canary Wharf,Annual Unlimited £999 (Paid in Advance),Hot Jivamukti,Signed in,No,446800,
05/03/2019,Tuesday,4:30 PM,Alexandra,BYL Canary Wharf,Annual Unlimited £999 (Paid in Advance),BYL Express,Signed in,No,446800,
04/03/2019,Monday,5:15 PM,Elizabeth,BYL Canary Wharf,Annual Unlimited £999 (Paid in Advance),Hot Jivamukti,Signed in,No,446800,
02/03/2019,Saturday,8:15 AM,Justine,BYL Canary Wharf,Annual Unlimited £999 (Paid in Advance),Inferno Pilates,Signed in,No,446800,
28/02/2019,Thursday,4:30 PM,Lizzie,BYL Canary Wharf,Annual Unlimited £999 (Paid in Advance),Dynamic Vinyasa Flow (60),Signed in,No,446800,
25/02/2019,Monday,5:15 PM,Elizabeth,BYL Canary Wharf,Annual Unlimited £999 (Paid in Advance),Hot Jivamukti,Signed in,No,446800,
21/02/2019,Thursday,4:30 PM,Lizzie,BYL Canary Wharf,Annual Unlimited £999 (Paid in Advance),Dynamic Vinyasa Flow (60),Signed in,No,446800,
20/02/2019,Wednesday,4:15 PM,Andy,BYL London Bridge,Annual Unlimited £999 (Paid in Advance),BYL Hot Power Flow,Signed in,No,446800,
19/02/2019,Tuesday,4:30 PM,Kirsty,BYL Canary Wharf,Annual Unlimited £999 (Paid in Advance),BYL Express,Signed in,No,446800,
18/02/2019,Monday,5:15 PM,Elizabeth,BYL Canary Wharf,Annual Unlimited £999 (Paid in Advance),Hot Jivamukti,Signed in,No,446800,
16/02/2019,Saturday,8:15 AM,Justine,BYL Canary Wharf,Annual Unlimited £999 (Paid in Advance),Inferno Pilates,Signed in,No,446800,
14/02/2019,Thursday,4:30 PM,Lizzie,BYL Canary Wharf,Annual Unlimited £999 (Paid in Advance),Dynamic Vinyasa Flow (60),Signed in,No,446800,
13/02/2019,Wednesday,4:15 PM,Leticia,BYL London Bridge,Annual Unlimited £999 (Paid in Advance),BYL Hot Power Flow,Signed in,No,446800,
12/02/2019,Tuesday,4:30 PM,Kirsty,BYL Canary Wharf,Annual Unlimited £999 (Paid in Advance),BYL Express,Signed in,No,446800,
11/02/2019,Monday,5:15 PM,Elizabeth,BYL Canary Wharf,Annual Unlimited £999 (Paid in Advance),Hot Jivamukti,Signed in,No,446800,
09/02/2019,Saturday,8:15 AM,Justine,BYL Canary Wharf,Annual Unlimited £999 (Paid in Advance),Inferno Pilates,Signed in,No,446800,
07/02/2019,Thursday,4:30 PM,Sara,BYL Canary Wharf,Annual Unlimited £999 (Paid in Advance),Dynamic Vinyasa Flow (60),Signed in,No,446800,
04/02/2019,Monday,5:15 PM,Elizabeth,BYL Canary Wharf,Annual Unlimited £999 (Paid in Advance),Hot Jivamukti,Signed in,No,446800,
31/01/2019,Thursday,4:30 PM,Aleksei,BYL Canary Wharf,Annual Unlimited £999 (Paid in Advance),Dynamic Vinyasa Flow (60),Signed in,No,446800,
30/01/2019,Wednesday,4:15 PM,Andy,BYL London Bridge,Annual Unlimited £999 (Paid in Advance),BYL Hot Power Flow,Signed in,No,446800,
29/01/2019,Tuesday,4:30 PM,Kirsty,BYL Canary Wharf,Annual Unlimited £999 (Paid in Advance),BYL Express,Signed in,No,446800,
28/01/2019,Monday,5:15 PM,Beth,BYL Canary Wharf,Annual Unlimited £999 (Paid in Advance),Hot Jivamukti,Signed in,No,446800,
24/01/2019,Thursday,4:30 PM,Aleksei,BYL Canary Wharf,Annual Unlimited £999 (Paid in Advance),Dynamic Vinyasa Flow (60),Signed in,No,446800,
23/01/2019,Wednesday,4:15 PM,Andy,BYL London Bridge,Annual Unlimited £999 (Paid in Advance),BYL Hot Power Flow,Signed in,No,446800,
21/01/2019,Monday,5:15 PM,Beth,BYL Canary Wharf,Annual Unlimited £999 (Paid in Advance),Hot Jivamukti,Signed in,No,446800,
17/01/2019,Thursday,4:30 PM,Andy,BYL Canary Wharf,Annual Unlimited £999 (Paid in Advance),Dynamic Vinyasa Flow (60),Signed in,No,446800,
16/01/2019,Wednesday,4:15 PM,Andy,BYL London Bridge,Annual Unlimited £999 (Paid in Advance),BYL Hot Power Flow,Signed in,No,446800,
15/01/2019,Tuesday,4:30 PM,Hassan,BYL London Bridge,Annual Unlimited £999 (Paid in Advance),BYL Express (60),Signed in,No,446800,
09/01/2019,Wednesday,4:15 PM,Andy,BYL London Bridge,Annual Unlimited £999 (Paid in Advance),BYL Hot Power Flow,Signed in,No,446800,
08/01/2019,Tuesday,4:30 PM,Ilkka,BYL Canary Wharf,Annual Unlimited £999 (Paid in Advance),BYL Express,Signed in,No,446800,
07/01/2019,Monday,5:15 PM,Beth,BYL Canary Wharf,Annual Unlimited £999 (Paid in Advance),Hot Jivamukti,Signed in,No,446800,
05/01/2019,Saturday,8:15 AM,Sharon,BYL Canary Wharf,Annual Unlimited £999 (Paid in Advance),Inferno Pilates,Signed in,No,446800,
04/01/2019,Friday,12:00 PM,Andy,BYL Canary Wharf,Annual Unlimited £999 (Paid in Advance),BYL Hot Power Flow,Signed in,No,446800,
03/01/2019,Thursday,4:30 PM,Andy,BYL Canary Wharf,Annual Unlimited £999 (Paid in Advance),Dynamic Vinyasa Flow (60),Signed in,No,446800,
19/12/2018,Wednesday,5:30 PM,Ilkka,BYL London Bridge,Annual Unlimited £999 (Paid in Advance),BYL Express (60),Signed in,No,446800,
17/12/2018,Monday,5:15 PM,Elizabeth,BYL Canary Wharf,Annual Unlimited £999 (Paid in Advance),Hot Jivamukti,Signed in,No,446800,
13/12/2018,Thursday,4:30 PM,Eva,BYL Canary Wharf,Annual Unlimited £999 (Paid in Advance),Dynamic Vinyasa Flow (60),Signed in,No,446800,
12/12/2018,Wednesday,4:15 PM,Andy,BYL London Bridge,Annual Unlimited £999 (Paid in Advance),BYL Hot Power Flow,Signed in,No,446800,
11/12/2018,Tuesday,4:30 PM,Beth,BYL Canary Wharf,Annual Unlimited £999 (Paid in Advance),BYL Express,Signed in,No,446800,
10/12/2018,Monday,5:15 PM,Beth,BYL Canary Wharf,Annual Unlimited £999 (Paid in Advance),Hot Jivamukti,Signed in,No,446800,
08/12/2018,Saturday,8:15 AM,Justine,BYL Canary Wharf,Annual Unlimited £999 (Paid in Advance),Inferno Pilates,Signed in,No,446800,
06/12/2018,Thursday,4:30 PM,Lizzie,BYL Canary Wharf,Annual Unlimited £999 (Paid in Advance),Dynamic Vinyasa Flow (60),Signed in,No,446800,
05/12/2018,Wednesday,4:15 PM,Andy,BYL London Bridge,Annual Unlimited £999 (Paid in Advance),BYL Hot Power Flow,Signed in,No,446800,
04/12/2018,Tuesday,4:30 PM,Beth,BYL Canary Wharf,Annual Unlimited £999 (Paid in Advance),BYL Express,Signed in,No,446800,
03/12/2018,Monday,5:15 PM,Beth,BYL Canary Wharf,Annual Unlimited £999 (Paid in Advance),Hot Jivamukti,Signed in,No,446800,
02/12/2018,Sunday,4:00 PM,Annalisa,BYL Canary Wharf,Annual Unlimited £999 (Paid in Advance),Hot Jivamukti,Signed in,No,446800,
29/11/2018,Thursday,4:30 PM,Lizzie,BYL Canary Wharf,Annual Unlimited £999 (Paid in Advance),Dynamic Vinyasa Flow (60),Signed in,No,446800,
28/11/2018,Wednesday,4:15 PM,Andy,BYL London Bridge,Annual Unlimited £999 (Paid in Advance),BYL Hot Power Flow,Signed in,No,446800,
27/11/2018,Tuesday,4:30 PM,Beth,BYL Canary Wharf,Annual Unlimited £999 (Paid in Advance),BYL Express,Signed in,No,446800,
26/11/2018,Monday,5:15 PM,Beth,BYL Canary Wharf,Annual Unlimited £999 (Paid in Advance),Hot Jivamukti,Signed in,No,446800,
24/11/2018,Saturday,8:15 AM,Justine,BYL Canary Wharf,Annual Unlimited £999 (Paid in Advance),Inferno Pilates,Signed in,No,446800,
22/11/2018,Thursday,4:30 PM,Lizzie,BYL Canary Wharf,Annual Unlimited £999 (Paid in Advance),Dynamic Vinyasa Flow (60),Signed in,No,446800,
21/11/2018,Wednesday,4:15 PM,Andy,BYL London Bridge,Annual Unlimited £999 (Paid in Advance),BYL Hot Power Flow,Signed in,No,446800,
19/11/2018,Monday,5:15 PM,Beth,BYL Canary Wharf,Annual Unlimited £999 (Paid in Advance),Hot Jivamukti,Signed in,No,446800,
17/11/2018,Saturday,8:15 AM,Justine,BYL Canary Wharf,Annual Unlimited £999 (Paid in Advance),Inferno Pilates,Signed in,No,446800,
15/11/2018,Thursday,4:30 PM,Eva,BYL Canary Wharf,Annual Unlimited £999 (Paid in Advance),Dynamic Vinyasa Flow (60),Signed in,No,446800,
14/11/2018,Wednesday,4:15 PM,Andy,BYL London Bridge,Annual Unlimited £999 (Paid in Advance),BYL Hot Power Flow,Signed in,No,446800,
13/11/2018,Tuesday,4:30 PM,Beth,BYL Canary Wharf,Annual Unlimited £999 (Paid in Advance),BYL Express,Signed in,No,446800,
12/11/2018,Monday,5:15 PM,Beth,BYL Canary Wharf,Annual Unlimited £999 (Paid in Advance),Hot Jivamukti,Signed in,No,446800,
10/11/2018,Saturday,8:15 AM,Justine,BYL Canary Wharf,Annual Unlimited £999 (Paid in Advance),Inferno Pilates,Signed in,No,446800,
04/11/2018,Sunday,4:00 PM,Annalisa,BYL Canary Wharf,Annual Unlimited £999 (Paid in Advance),Hot Jivamukti,Signed in,No,446800,
01/11/2018,Thursday,4:30 PM,Lizzie,BYL Canary Wharf,Annual Unlimited £999 (Paid in Advance),Dynamic Vinyasa Flow (60),Signed in,No,446800,
31/10/2018,Wednesday,4:15 PM,Andy,BYL London Bridge,Annual Unlimited £999 (Paid in Advance),BYL Hot Power Flow,Signed in,No,446800,
29/10/2018,Monday,5:15 PM,Beth,BYL Canary Wharf,Annual Unlimited £999 (Paid in Advance),Hot Jivamukti,Signed in,No,446800,
27/10/2018,Saturday,8:15 AM,Fiona,BYL Canary Wharf,Annual Unlimited £999 (Paid in Advance),Inferno Pilates,Signed in,No,446800,
25/10/2018,Thursday,4:30 PM,Lizzie,BYL Canary Wharf,Annual Unlimited £999 (Paid in Advance),Dynamic Vinyasa Flow (60),Signed in,No,446800,
24/10/2018,Wednesday,4:15 PM,Andy,BYL London Bridge,Annual Unlimited £999 (Paid in Advance),BYL Hot Power Flow,Signed in,No,446800,
23/10/2018,Tuesday,4:30 PM,Kirsty,BYL Canary Wharf,Annual Unlimited £999 (Paid in Advance),BYL Express,Signed in,No,446800,
22/10/2018,Monday,5:15 PM,Elizabeth,BYL Canary Wharf,Annual Unlimited £999 (Paid in Advance),Hot Jivamukti,Signed in,No,446800,
20/10/2018,Saturday,8:15 AM,Justine,BYL Canary Wharf,Annual Unlimited £999 (Paid in Advance),Inferno Pilates,Signed in,No,446800,
18/10/2018,Thursday,4:30 PM,Lizzie,BYL Canary Wharf,Annual Unlimited £999 (Paid in Advance),Dynamic Vinyasa Flow (60),Signed in,No,446800,
17/10/2018,Wednesday,4:15 PM,Andy,BYL London Bridge,Annual Unlimited £999 (Paid in Advance),BYL Hot Power Flow,Signed in,No,446800,
15/10/2018,Monday,5:15 PM,Beth,BYL Canary Wharf,Annual Unlimited £999 (Paid in Advance),Hot Jivamukti,Signed in,No,446800,
11/10/2018,Thursday,4:30 PM,Lizzie,BYL Canary Wharf,Annual Unlimited £999 (Paid in Advance),Dynamic Vinyasa Flow (60),Signed in,No,446800,
10/10/2018,Wednesday,4:15 PM,Andy,BYL London Bridge,Annual Unlimited £999 (Paid in Advance),BYL Hot Power Flow,Signed in,No,446800,
09/10/2018,Tuesday,4:30 PM,Beth,BYL Canary Wharf,Annual Unlimited £999 (Paid in Advance),BYL Express,Signed in,No,446800,
08/10/2018,Monday,5:15 PM,Beth,BYL Canary Wharf,Annual Unlimited £999 (Paid in Advance),Hot Jivamukti,Signed in,No,446800,
06/10/2018,Saturday,8:15 AM,Justine,BYL Canary Wharf,Annual Unlimited £999 (Paid in Advance),Inferno Pilates,Signed in,No,446800,
26/09/2018,Wednesday,4:15 PM,Andy,BYL London Bridge,A7 HYS Conversion 365/Annual Upfront PEAK,BYL Hot Power Flow,Signed in,No,371928,
22/09/2018,Saturday,8:15 AM,Justine,BYL Canary Wharf,A7 HYS Conversion 365/Annual Upfront PEAK,Inferno Pilates,Signed in,No,371928,
19/09/2018,Wednesday,4:15 PM,Andy,BYL London Bridge,A7 HYS Conversion 365/Annual Upfront PEAK,BYL Hot Power Flow,Signed in,No,371928,
18/09/2018,Tuesday,4:30 PM,Beth,BYL Canary Wharf,A7 HYS Conversion 365/Annual Upfront PEAK,BYL Express,Signed in,No,371928,
15/09/2018,Saturday,8:15 AM,Catherine,BYL Canary Wharf,A7 HYS Conversion 365/Annual Upfront PEAK,Inferno Pilates,Signed in,No,371928,
13/09/2018,Thursday,4:30 PM,Andy,BYL Canary Wharf,A7 HYS Conversion 365/Annual Upfront PEAK,Dynamic Vinyasa Flow (60),Signed in,No,371928,
12/09/2018,Wednesday,4:15 PM,Amy,BYL London Bridge,A7 HYS Conversion 365/Annual Upfront PEAK,BYL Hot Power Flow,Signed in,No,371928,
11/09/2018,Tuesday,4:30 PM,Beth,BYL Canary Wharf,A7 HYS Conversion 365/Annual Upfront PEAK,BYL Express,Signed in,No,371928,
10/09/2018,Monday,5:15 PM,Beth,BYL Canary Wharf,A7 HYS Conversion 365/Annual Upfront PEAK,Hot Jivamukti,Signed in,No,371928,
08/09/2018,Saturday,3:30 PM,Eva,BYL London Bridge,A7 HYS Conversion 365/Annual Upfront PEAK,Dynamic Vinyasa Flow (60),Signed in,No,371928,
08/09/2018,Saturday,8:15 AM,Justine,BYL Canary Wharf,A7 HYS Conversion 365/Annual Upfront PEAK,Inferno Pilates,Signed in,No,371928,
30/08/2018,Thursday,4:30 PM,Lizzie,BYL Canary Wharf,A7 HYS Conversion 365/Annual Upfront PEAK,Dynamic Vinyasa Flow (60),Signed in,No,371928,
25/08/2018,Saturday,8:15 AM,Justine,BYL Canary Wharf,A7 HYS Conversion 365/Annual Upfront PEAK,Inferno Pilates,Signed in,No,371928,
23/08/2018,Thursday,4:30 PM,Lizzie,BYL Canary Wharf,A7 HYS Conversion 365/Annual Upfront PEAK,Dynamic Vinyasa Flow (60),Signed in,No,371928,
22/08/2018,Wednesday,4:15 PM,Andy,BYL London Bridge,A7 HYS Conversion 365/Annual Upfront PEAK,BYL Hot Power Flow,Signed in,No,371928,
21/08/2018,Tuesday,4:30 PM,Beth,BYL Canary Wharf,A7 HYS Conversion 365/Annual Upfront PEAK,BYL Express,Signed in,No,371928,
20/08/2018,Monday,5:15 PM,Beth,BYL Canary Wharf,A7 HYS Conversion 365/Annual Upfront PEAK,Hot Jivamukti,Signed in,No,371928,
18/08/2018,Saturday,8:15 AM,Justine,BYL Canary Wharf,A7 HYS Conversion 365/Annual Upfront PEAK,Inferno Pilates,Signed in,No,371928,
16/08/2018,Thursday,6:00 PM,Lizzie,BYL Canary Wharf,A7 HYS Conversion 365/Annual Upfront PEAK,Bikram Music Beats,Signed in,No,371928,
15/08/2018,Wednesday,5:30 PM,Naomi,BYL London Bridge,A7 HYS Conversion 365/Annual Upfront PEAK,BYL Express (60),Signed in,No,371928,
14/08/2018,Tuesday,4:30 PM,Beth,BYL Canary Wharf,A7 HYS Conversion 365/Annual Upfront PEAK,BYL Express,Signed in,No,371928,
13/08/2018,Monday,5:15 PM,Beth,BYL Canary Wharf,A7 HYS Conversion 365/Annual Upfront PEAK,Hot Jivamukti,Signed in,No,371928,
11/08/2018,Saturday,8:15 AM,Justine,BYL Canary Wharf,A7 HYS Conversion 365/Annual Upfront PEAK,Inferno Pilates,Signed in,No,371928,
09/08/2018,Thursday,6:00 PM,Lizzie,BYL Canary Wharf,A7 HYS Conversion 365/Annual Upfront PEAK,Bikram Music Beats,Signed in,No,371928,
08/08/2018,Wednesday,4:15 PM,Andy,BYL London Bridge,A7 HYS Conversion 365/Annual Upfront PEAK,BYL Hot Power Flow,Signed in,No,371928,
07/08/2018,Tuesday,4:30 PM,Beth,BYL Canary Wharf,A7 HYS Conversion 365/Annual Upfront PEAK,BYL Express,Signed in,No,371928,
06/08/2018,Monday,5:15 PM,Beth,BYL Canary Wharf,A7 HYS Conversion 365/Annual Upfront PEAK,Hot Jivamukti,Signed in,No,371928,
02/08/2018,Thursday,6:00 PM,Lizzie,BYL Canary Wharf,A7 HYS Conversion 365/Annual Upfront PEAK,Bikram Music Beats,Signed in,No,371928,
01/08/2018,Wednesday,7:15 PM,Andy,BYL Canary Wharf,A7 HYS Conversion 365/Annual Upfront PEAK,BYL Hot Power Flow,Signed in,No,371928,
31/07/2018,Tuesday,4:30 PM,Beth,BYL Canary Wharf,A7 HYS Conversion 365/Annual Upfront PEAK,BYL Express,Signed in,No,371928,
29/07/2018,Sunday,4:00 PM,Karolina,BYL Canary Wharf,A7 HYS Conversion 365/Annual Upfront PEAK,Hot Jivamukti,Signed in,No,371928,
28/07/2018,Saturday,8:15 AM,Sharon,BYL Canary Wharf,A7 HYS Conversion 365/Annual Upfront PEAK,Inferno Pilates,Signed in,No,371928,
24/07/2018,Tuesday,4:30 PM,Kirsty,BYL Canary Wharf,A7 HYS Conversion 365/Annual Upfront PEAK,BYL Express,Signed in,No,371928,
23/07/2018,Monday,5:15 PM,Elizabeth,BYL Canary Wharf,A7 HYS Conversion 365/Annual Upfront PEAK,Hot Jivamukti,Signed in,No,371928,
21/07/2018,Saturday,8:15 AM,Sharon,BYL Canary Wharf,A7 HYS Conversion 365/Annual Upfront PEAK,Inferno Pilates,Signed in,No,371928,
18/07/2018,Wednesday,4:15 PM,Lizzie,BYL London Bridge,A7 HYS Conversion 365/Annual Upfront PEAK,BYL Hot Power Flow,Signed in,No,371928,
17/07/2018,Tuesday,4:30 PM,Beth,BYL Canary Wharf,A7 HYS Conversion 365/Annual Upfront PEAK,BYL Express,Signed in,No,371928,
16/07/2018,Monday,5:15 PM,Beth,BYL Canary Wharf,A7 HYS Conversion 365/Annual Upfront PEAK,Hot Jivamukti,Signed in,No,371928,
14/07/2018,Saturday,8:15 AM,Sharon,BYL Canary Wharf,A7 HYS Conversion 365/Annual Upfront PEAK,Inferno Pilates,Signed in,No,371928,
12/07/2018,Thursday,6:00 PM,Lizzie,BYL Canary Wharf,A7 HYS Conversion 365/Annual Upfront PEAK,Bikram Music Beats,Signed in,No,371928,
11/07/2018,Wednesday,4:15 PM,Lizzie,BYL London Bridge,A7 HYS Conversion 365/Annual Upfront PEAK,BYL Hot Power Flow,Signed in,No,371928,
10/07/2018,Tuesday,4:30 PM,Hassan,BYL London Bridge,A7 HYS Conversion 365/Annual Upfront PEAK,BYL Express (60),Signed in,No,371928,
09/07/2018,Monday,5:15 PM,Beth,BYL Canary Wharf,A7 HYS Conversion 365/Annual Upfront PEAK,Hot Jivamukti,Signed in,No,371928,
07/07/2018,Saturday,8:15 AM,Sharon,BYL Canary Wharf,A7 HYS Conversion 365/Annual Upfront PEAK,Inferno Pilates,Signed in,No,371928,
05/07/2018,Thursday,6:00 PM,Lizzie,BYL Canary Wharf,A7 HYS Conversion 365/Annual Upfront PEAK,Bikram Music Beats,Signed in,No,371928,
04/07/2018,Wednesday,5:15 PM,Samantha,BYL Canary Wharf,A7 HYS Conversion 365/Annual Upfront PEAK,Bikram Yoga,Signed in,No,371928,
02/07/2018,Monday,5:15 PM,Beth,BYL Canary Wharf,A7 HYS Conversion 365/Annual Upfront PEAK,Hot Jivamukti,Signed in,No,371928,
30/06/2018,Saturday,8:15 AM,Justine,BYL Canary Wharf,A7 HYS Conversion 365/Annual Upfront PEAK,Inferno Pilates,Signed in,No,371928,
28/06/2018,Thursday,4:30 PM,Beth,BYL Canary Wharf,A7 HYS Conversion 365/Annual Upfront PEAK,Dynamic Vinyasa Flow (60),Signed in,No,371928,
27/06/2018,Wednesday,5:15 PM,Samantha,BYL Canary Wharf,A7 HYS Conversion 365/Annual Upfront PEAK,Bikram Yoga,Signed in,No,371928,
26/06/2018,Tuesday,4:30 PM,Beth,BYL Canary Wharf,A7 HYS Conversion 365/Annual Upfront PEAK,BYL Express,Signed in,No,371928,
25/06/2018,Monday,5:15 PM,Beth,BYL Canary Wharf,A7 HYS Conversion 365/Annual Upfront PEAK,Hot Jivamukti,Signed in,No,371928,
23/06/2018,Saturday,8:30 AM,Fiona,BYL London Bridge,A7 HYS Conversion 365/Annual Upfront PEAK,Inferno Pilates,Signed in,No,371928,
23/06/2018,Saturday,10:00 AM,Lizzie,BYL London Bridge,A7 HYS Conversion 365/Annual Upfront PEAK,Yin Yang Yoga,Signed in,No,371928,
21/06/2018,Thursday,6:00 PM,Adrian,BYL Canary Wharf,A7 HYS Conversion 365/Annual Upfront PEAK,Bikram Music Beats,Signed in,No,371928,
19/06/2018,Tuesday,4:30 PM,Beth,BYL Canary Wharf,A7 HYS Conversion 365/Annual Upfront PEAK,BYL Express,Signed in,No,371928,
18/06/2018,Monday,5:15 PM,Beth,BYL Canary Wharf,A7 HYS Conversion 365/Annual Upfront PEAK,Hot Jivamukti,Signed in,No,371928,
16/06/2018,Saturday,4:00 PM,Esak,BYL Canary Wharf,Workshop & Masterclass w/ESAK GARCIA £55,Masterclass w/ESAK GARCIA,Signed in,No,431724,
16/06/2018,Saturday,12:00 PM,Esak,BYL Canary Wharf,Workshop & Masterclass w/ESAK GARCIA £55,Workshop & Masterclass w/ESAK GARCIA,Signed in,No,431724,
14/06/2018,Thursday,6:00 PM,Lizzie,BYL Canary Wharf,A7 HYS Conversion 365/Annual Upfront PEAK,Bikram Music Beats,Signed in,No,371928,
13/06/2018,Wednesday,5:15 PM,Samantha,BYL Canary Wharf,A7 HYS Conversion 365/Annual Upfront PEAK,Bikram Yoga,Signed in,No,371928,
11/06/2018,Monday,5:15 PM,Beth,BYL Canary Wharf,A7 HYS Conversion 365/Annual Upfront PEAK,Hot Jivamukti,Signed in,No,371928,
09/06/2018,Saturday,8:15 AM,Justine,BYL Canary Wharf,A7 HYS Conversion 365/Annual Upfront PEAK,Inferno Pilates,Signed in,No,371928,
07/06/2018,Thursday,6:00 PM,Lizzie,BYL Canary Wharf,A7 HYS Conversion 365/Annual Upfront PEAK,Bikram Music Beats,Signed in,No,371928,
06/06/2018,Wednesday,5:15 PM,Marta (Germany),BYL Canary Wharf,A7 HYS Conversion 365/Annual Upfront PEAK,Bikram Yoga,Signed in,No,371928,
05/06/2018,Tuesday,6:00 PM,Almania,BYL Canary Wharf,A7 HYS Conversion 365/Annual Upfront PEAK,Bikram Yoga,Signed in,No,371928,
04/06/2018,Monday,5:15 PM,Beth,BYL Canary Wharf,A7 HYS Conversion 365/Annual Upfront PEAK,Hot Jivamukti,Signed in,No,371928,
23/05/2018,Wednesday,5:15 PM,Marta (Germany),BYL Canary Wharf,A7 HYS Conversion 365/Annual Upfront PEAK,Bikram Yoga,Signed in,No,371928,
22/05/2018,Tuesday,6:00 PM,Almania,BYL Canary Wharf,A7 HYS Conversion 365/Annual Upfront PEAK,Bikram Yoga,Signed in,No,371928,
21/05/2018,Monday,5:15 PM,Beth,BYL Canary Wharf,A7 HYS Conversion 365/Annual Upfront PEAK,Hot Jivamukti,Signed in,No,371928,
19/05/2018,Saturday,8:15 AM,Justine,BYL Canary Wharf,A7 HYS Conversion 365/Annual Upfront PEAK,Inferno Pilates,Signed in,No,371928,
17/05/2018,Thursday,6:00 PM,Kirsty,BYL Canary Wharf,A7 HYS Conversion 365/Annual Upfront PEAK,Bikram Music Beats,Signed in,No,371928,
16/05/2018,Wednesday,7:15 PM,Andy,BYL Canary Wharf,A7 HYS Conversion 365/Annual Upfront PEAK,BYL Hot Power Flow,Absent,No,371928,
16/05/2018,Wednesday,5:15 PM,Samantha,BYL Canary Wharf,A7 HYS Conversion 365/Annual Upfront PEAK,Bikram Yoga,Signed in,No,371928,
14/05/2018,Monday,5:15 PM,Elizabeth,BYL Canary Wharf,A7 HYS Conversion 365/Annual Upfront PEAK,Hot Jivamukti,Signed in,No,371928,
12/05/2018,Saturday,8:15 AM,Justine,BYL Canary Wharf,A7 HYS Conversion 365/Annual Upfront PEAK,Inferno Pilates,Signed in,No,371928,
10/05/2018,Thursday,6:00 PM,Hassan,BYL Canary Wharf,A7 HYS Conversion 365/Annual Upfront PEAK,Bikram Music Beats,Signed in,No,371928,
08/05/2018,Tuesday,6:00 PM,Almania,BYL Canary Wharf,A7 HYS Conversion 365/Annual Upfront PEAK,Bikram Yoga,Signed in,No,371928,
02/05/2018,Wednesday,5:15 PM,Samantha,BYL Canary Wharf,A7 HYS Conversion 365/Annual Upfront PEAK,Bikram Yoga,Signed in,No,371928,
29/04/2018,Sunday,2:00 PM,Ky,BYL London Bridge,A7 HYS Conversion 365/Annual Upfront PEAK,"Intermediate Bikram (No Intro clients, no beginners)",Signed in,No,371928,
28/04/2018,Saturday,8:15 AM,Justine,BYL Canary Wharf,A7 HYS Conversion 365/Annual Upfront PEAK,Inferno Pilates,Signed in,No,371928,
26/04/2018,Thursday,6:00 PM,Kirsty,BYL Canary Wharf,A7 HYS Conversion 365/Annual Upfront PEAK,Bikram Music Beats,Signed in,No,371928,
26/04/2018,Thursday,4:30 PM,Andy,BYL Canary Wharf,A7 HYS Conversion 365/Annual Upfront PEAK,Dynamic Vinyasa Flow (60),Signed in,No,371928,
21/04/2018,Saturday,10:00 AM,Justine,BYL Canary Wharf,A7 HYS Conversion 365/Annual Upfront PEAK,Bikram Yoga,Signed in,No,371928,
21/04/2018,Saturday,8:15 AM,Justine,BYL Canary Wharf,A7 HYS Conversion 365/Annual Upfront PEAK,Inferno Pilates,Signed in,No,371928,
14/04/2018,Saturday,8:15 AM,Justine,BYL Canary Wharf,A7 HYS Conversion 365/Annual Upfront PEAK,Inferno Pilates,Signed in,No,371928,
11/04/2018,Wednesday,5:15 PM,Samantha,BYL Canary Wharf,A7 HYS Conversion 365/Annual Upfront PEAK,Bikram Yoga,Signed in,No,371928,
09/04/2018,Monday,5:15 PM,Beth,BYL Canary Wharf,A7 HYS Conversion 365/Annual Upfront PEAK,Hot Jivamukti,Signed in,No,371928,
07/04/2018,Saturday,8:15 AM,Justine,BYL Canary Wharf,A7 HYS Conversion 365/Annual Upfront PEAK,Inferno Pilates,Signed in,No,371928,
05/04/2018,Thursday,6:00 PM,Hassan,BYL Canary Wharf,A7 HYS Conversion 365/Annual Upfront PEAK,Bikram Music Beats,Signed in,No,371928,
04/04/2018,Wednesday,5:15 PM,Samantha,BYL Canary Wharf,A7 HYS Conversion 365/Annual Upfront PEAK,Bikram Yoga,Signed in,No,371928,
02/04/2018,Monday,10:00 AM,Lottie,BYL Canary Wharf,A7 HYS Conversion 365/Annual Upfront PEAK,Bikram Yoga,Signed in,No,371928,
24/03/2018,Saturday,8:15 AM,Justine,BYL Canary Wharf,A7 HYS Conversion 365/Annual Upfront PEAK,Inferno Pilates,Signed in,No,371928,
20/03/2018,Tuesday,6:00 PM,Almania,BYL Canary Wharf,A7 HYS Conversion 365/Annual Upfront PEAK,Bikram Yoga,Signed in,No,371928,
19/03/2018,Monday,5:30 PM,Bridgett Ane,BYL London Bridge,A7 HYS Conversion 365/Annual Upfront PEAK,BYL Express (60),Signed in,No,371928,
15/03/2018,Thursday,6:00 PM,Lizzie,BYL Canary Wharf,A7 HYS Conversion 365/Annual Upfront PEAK,Bikram Music Beats,Signed in,No,371928,
14/03/2018,Wednesday,5:15 PM,Samantha,BYL Canary Wharf,A7 HYS Conversion 365/Annual Upfront PEAK,Bikram Yoga,Signed in,No,371928,
13/03/2018,Tuesday,6:00 PM,Almania,BYL Canary Wharf,A7 HYS Conversion 365/Annual Upfront PEAK,Bikram Yoga,Signed in,No,371928,
12/03/2018,Monday,5:30 PM,Bridgett Ane,BYL London Bridge,A7 HYS Conversion 365/Annual Upfront PEAK,BYL Express (60),Signed in,No,371928,
09/03/2018,Friday,5:00 PM,Marta (Germany),BYL London Bridge,A7 HYS Conversion 365/Annual Upfront PEAK,Bikram Yoga,Signed in,No,371928,
07/03/2018,Wednesday,5:30 PM,Naomi,BYL London Bridge,A7 HYS Conversion 365/Annual Upfront PEAK,BYL Express (60),Signed in,No,371928,
01/03/2018,Thursday,5:00 PM,Almania,BYL London Bridge,A7 HYS Conversion 365/Annual Upfront PEAK,Bikram Yoga,Signed in,No,371928,
26/02/2018,Monday,5:30 PM,Bridgett Ane,BYL London Bridge,A7 HYS Conversion 365/Annual Upfront PEAK,BYL Express (60),Signed in,No,371928,
23/02/2018,Friday,5:00 PM,Marta (Germany),BYL London Bridge,A7 HYS Conversion 365/Annual Upfront PEAK,Bikram Yoga,Signed in,No,371928,
21/02/2018,Wednesday,5:30 PM,Naomi,BYL London Bridge,A7 HYS Conversion 365/Annual Upfront PEAK,BYL Express (60),Signed in,No,371928,
20/02/2018,Tuesday,6:00 PM,Conny,BYL London Bridge,A7 HYS Conversion 365/Annual Upfront PEAK,Bikram Yoga,Signed in,No,371928,
19/02/2018,Monday,5:30 PM,Bridgett Ane,BYL London Bridge,A7 HYS Conversion 365/Annual Upfront PEAK,BYL Express (60),Signed in,No,371928,
16/02/2018,Friday,5:00 PM,Marta (Germany),BYL London Bridge,A7 HYS Conversion 365/Annual Upfront PEAK,Bikram Yoga,Signed in,No,371928,
14/02/2018,Wednesday,5:30 PM,Naomi Clark,London Bridge 365 Consecutive Day Pass,Bikram Yoga SHORT (60 mins),,Signed in,Yes,100787588,
12/02/2018,Monday,5:30 PM,Bridgett Ane Goddard,London Bridge 365 Consecutive Day Pass,Bikram Yoga SHORT (60 mins),,Signed in,No,100787588,
09/02/2018,Friday,5:00 PM,Marta Gruszka,London Bridge 365 Consecutive Day Pass,Bikram Yoga (90 min class),,Signed in,Yes,100787588,
07/02/2018,Wednesday,5:30 PM,Naomi Clark,London Bridge 365 Consecutive Day Pass,Bikram Yoga SHORT (60 mins),,Signed in,Yes,100787588,
07/02/2018,Wednesday,4:15 PM,Andy Black-Slim,London Bridge 365 Consecutive Day Pass,Hot Power Flow (60 mins),,Signed in,Yes,100787588,
05/02/2018,Monday,5:30 PM,Bridgett Ane Goddard,London Bridge 365 Consecutive Day Pass,Bikram Yoga SHORT (60 mins),,Signed in,Yes,100787588,
02/02/2018,Friday,5:00 PM,Marylou McDonnell,London Bridge 365 Consecutive Day Pass,Bikram Yoga (90 min class),,Signed in,Yes,100787588,
31/01/2018,Wednesday,5:30 PM,Naomi Clark,London Bridge 365 Consecutive Day Pass,Bikram Yoga SHORT (60 mins),,Signed in,Yes,100787588,
30/01/2018,Tuesday,6:00 PM,Conny Chitnis,London Bridge 365 Consecutive Day Pass,Bikram Yoga (90 min class),,Late Cancel,Yes,100787588,
29/01/2018,Monday,5:30 PM,Lizzie Pumer,London Bridge 365 Consecutive Day Pass,Bikram Yoga SHORT (60 mins),,Signed in,Yes,100787588,
26/01/2018,Friday,5:00 PM,Marylou McDonnell,London Bridge 365 Consecutive Day Pass,Bikram Yoga (90 min class),,Signed in,Yes,100787588,
24/01/2018,Wednesday,5:30 PM,Naomi Clark,London Bridge 365 Consecutive Day Pass,Bikram Yoga SHORT (60 mins),,Signed in,Yes,100787588,
24/01/2018,Wednesday,4:15 PM,Andy Black-Slim,London Bridge 365 Consecutive Day Pass,Hot Power Flow (60 mins),,Signed in,Yes,100787588,
22/01/2018,Monday,5:30 PM,Bridgett Ane Goddard,London Bridge 365 Consecutive Day Pass,Bikram Yoga SHORT (60 mins),,Signed in,Yes,100787588,
17/01/2018,Wednesday,5:30 PM,Naomi Clark,London Bridge 365 Consecutive Day Pass,Bikram Yoga SHORT (60 mins),,Signed in,Yes,100787588,
16/01/2018,Tuesday,6:00 PM,Lucy Hill,London Bridge 365 Consecutive Day Pass,Bikram Yoga (90 min class),,Signed in,Yes,100787588,
15/01/2018,Monday,5:30 PM,Bridgett Ane Goddard,London Bridge 365 Consecutive Day Pass,Bikram Yoga SHORT (60 mins),,Signed in,Yes,100787588,
12/01/2018,Friday,5:00 PM,Marylou McDonnell,London Bridge 365 Consecutive Day Pass,Bikram Yoga (90 min class),,Signed in,Yes,100787588,
10/01/2018,Wednesday,5:30 PM,Naomi Clark,London Bridge 365 Consecutive Day Pass,Bikram Yoga SHORT (60 mins),,Signed in,Yes,100787588,
09/01/2018,Tuesday,6:00 PM,Conny Chitnis,London Bridge 365 Consecutive Day Pass,Bikram Yoga (90 min class),,Signed in,Yes,100787588,
08/01/2018,Monday,5:30 PM,Bridgett Ane Goddard,London Bridge 365 Consecutive Day Pass,Bikram Yoga SHORT (60 mins),,Signed in,Yes,100787588,
05/01/2018,Friday,5:00 PM,Marylou McDonnell,London Bridge 365 Consecutive Day Pass,Bikram Yoga (90 min class),,Signed in,Yes,100787588,
03/01/2018,Wednesday,5:30 PM,Naomi Clark,London Bridge 365 Consecutive Day Pass,Bikram Yoga SHORT (60 mins),,Signed in,Yes,100787588,
02/01/2018,Tuesday,6:00 PM,Conny Chitnis,London Bridge 365 Consecutive Day Pass,Bikram Yoga (90 min class),,Signed in,Yes,100787588,
26/12/2017,Tuesday,10:00 AM,Sangeeta Solanki,London Bridge 365 Consecutive Day Pass,Bikram Yoga (90 min class),,Signed in,Yes,100787588,
22/12/2017,Friday,5:30 PM,Marylou McDonnell,London Bridge 365 Consecutive Day Pass,Bikram Yoga (90 min class),,Signed in,Yes,100787588,
12/12/2017,Tuesday,6:00 PM,Almania Colombo,London Bridge 365 Consecutive Day Pass,Bikram Yoga (90 min class),,Signed in,Yes,100787588,
11/12/2017,Monday,6:30 PM,Bridgett Ane Goddard,London Bridge 365 Consecutive Day Pass,Bikram Yoga (90 min class),,Signed in,Yes,100787588,
08/12/2017,Friday,5:30 PM,Marta Gruszka,London Bridge 365 Consecutive Day Pass,Bikram Yoga (90 min class),,Signed in,Yes,100787588,
06/12/2017,Wednesday,5:30 PM,Naomi Clark,London Bridge 365 Consecutive Day Pass,Bikram Yoga SHORT (60 mins),,Signed in,Yes,100787588,
03/12/2017,Sunday,10:15 AM,Cintra Brown,London Bridge 365 Consecutive Day Pass,Bikram Yoga (90 min class),,Signed in,Yes,100787588,
29/11/2017,Wednesday,5:30 PM,Naomi Clark,London Bridge 365 Consecutive Day Pass,Bikram Yoga SHORT (60 mins),,Signed in,Yes,100787588,
21/11/2017,Tuesday,6:00 PM,Conny Chitnis,London Bridge 365 Consecutive Day Pass,Bikram Yoga (90 min class),,Signed in,Yes,100787588,
20/11/2017,Monday,6:30 PM,Bridgett Ane Goddard,London Bridge 365 Consecutive Day Pass,Bikram Yoga (90 min class),,Signed in,Yes,100787588,
17/11/2017,Friday,5:30 PM,Martin Wieser,London Bridge 365 Consecutive Day Pass,Bikram Yoga (90 min class),,Signed in,Yes,100787588,
14/11/2017,Tuesday,6:00 PM,Conny Chitnis,London Bridge 365 Consecutive Day Pass,Bikram Yoga (90 min class),,Signed in,Yes,100787588,
13/11/2017,Monday,6:30 PM,Bridgett Ane Goddard,London Bridge 365 Consecutive Day Pass,Bikram Yoga (90 min class),,Signed in,Yes,100787588,
10/11/2017,Friday,5:30 PM,Martin Wieser,London Bridge 365 Consecutive Day Pass,Bikram Yoga (90 min class),,Signed in,Yes,100787588,
05/11/2017,Sunday,10:15 AM,Almania Colombo,London Bridge 365 Consecutive Day Pass,Bikram Yoga (90 min class),,Signed in,Yes,100787588,
02/11/2017,Thursday,6:30 PM,Annalisa Tiranti,London Bridge 365 Consecutive Day Pass,Hot Jivamukti (90 mins),,Signed in,Yes,100787588,
31/10/2017,Tuesday,6:00 PM,Hassan Intac,London Bridge 365 Consecutive Day Pass,Bikram Yoga (90 min class),,Signed in,Yes,100787588,
24/10/2017,Tuesday,6:00 PM,Conny Chitnis,London Bridge 365 Consecutive Day Pass,Bikram Yoga (90 min class),,Signed in,Yes,100787588,
23/10/2017,Monday,6:30 PM,Marta Gruszka,London Bridge 365 Consecutive Day Pass,Bikram Yoga (90 min class),,Signed in,Yes,100787588,
16/10/2017,Monday,6:30 PM,Bridgett Ane Goddard,London Bridge 365 Consecutive Day Pass,Bikram Yoga (90 min class),,Signed in,Yes,100787588,
11/10/2017,Wednesday,7:00 PM,Naomi Clark,London Bridge 365 Consecutive Day Pass,Bikram Yoga (90 min class),,Signed in,Yes,100787588,
08/10/2017,Sunday,10:15 AM,Cintra Brown,London Bridge 365 Consecutive Day Pass,Bikram Yoga (90 min class),,Signed in,Yes,100787588,
06/10/2017,Friday,5:30 PM,Adrian Dillon,London Bridge 365 Consecutive Day Pass,Bikram Yoga (90 min class),,Signed in,Yes,100787588,
03/10/2017,Tuesday,6:00 PM,Lottie Ormerod,London Bridge 365 Consecutive Day Pass,Bikram Yoga (90 min class),,Signed in,Yes,100787588,
29/09/2017,Friday,5:30 PM,Adrian Dillon,London Bridge 365 Consecutive Day Pass,Bikram Yoga (90 min class),,Signed in,Yes,100787588,
13/09/2017,Wednesday,10:00 AM,Lottie Ormerod,Free Birthday Class,Bikram Yoga (90 min class),,Signed in,No,100787590,
22/08/2017,Tuesday,9:15 AM,Ky Ha,Intro to London Bridge 20 day pass!,Bikram Yoga SHORT (60 mins),,Signed in,No,100773327,
21/08/2017,Monday,10:00 AM,Ky Ha,Intro to London Bridge 20 day pass!,Bikram Yoga (90 min class),,Signed in,No,100773327,
18/08/2017,Friday,10:30 AM,Michael Eley,Intro to London Bridge 20 day pass!,Bikram Yoga SHORT (60 mins),,Signed in,No,100773327,
17/08/2017,Thursday,11:20 AM,Cintra Brown,Intro to London Bridge 20 day pass!,YOGA NIDRA (30 minutes),,Signed in,No,100773327,
17/08/2017,Thursday,9:45 AM,Cintra Brown,Intro to London Bridge 20 day pass!,Bikram Yoga (90 min class),,Signed in,No,100773327,
16/08/2017,Wednesday,8:30 AM,Ky Ha,Intro to London Bridge 20 day pass!,Bikram Yoga SHORT (60 mins),,Signed in,No,100773327,
15/08/2017,Tuesday,9:15 AM,Michael Eley,Intro to London Bridge 20 day pass!,Bikram Yoga SHORT (60 mins),,Signed in,No,100773327,
14/08/2017,Monday,10:00 AM,Ky Ha,Intro to London Bridge 20 day pass!,Bikram Yoga (90 min class),,Signed in,No,100773327,
10/08/2017,Thursday,9:45 AM,Cintra Brown,Intro to London Bridge 20 day pass!,Bikram Yoga (90 min class),,Signed in,No,100773327,
09/08/2017,Wednesday,10:00 AM,Monde Phahlane,Intro to London Bridge 20 day pass!,Bikram Yoga (90 min class),,Signed in,No,100773327,
07/08/2017,Monday,10:00 AM,Ky Ha,Intro to London Bridge 20 day pass!,Bikram Yoga (90 min class),,Signed in,No,100773327,
21/05/2017,Sunday,8:00 AM,Inna,BYL Canary Wharf,*20 Day Intro Offer £40,Bikram Yoga,Signed in,No,239228,
19/05/2017,Friday,10:00 AM,Fiona,BYL Canary Wharf,*20 Day Intro Offer £40,Bikram Yoga,Signed in,No,239228,
17/05/2017,Wednesday,10:00 AM,Sangeeta,BYL Canary Wharf,*20 Day Intro Offer £40,Bikram Yoga,Signed in,No,239228,
16/05/2017,Tuesday,12:00 PM,Justine,BYL Canary Wharf,*20 Day Intro Offer £40,Bikram Yoga,Signed in,No,239228,
15/05/2017,Monday,10:00 AM,Lottie,BYL Canary Wharf,*20 Day Intro Offer £40,Bikram Yoga,Signed in,No,239228,
11/05/2017,Thursday,12:00 PM,Samantha,BYL Canary Wharf,*20 Day Intro Offer £40,Bikram Yoga,Signed in,No,239228,
10/05/2017,Wednesday,10:00 AM,Sangeeta,BYL Canary Wharf,*20 Day Intro Offer £40,Bikram Yoga,Signed in,No,239228,
09/05/2017,Tuesday,12:00 PM,Justine,BYL Canary Wharf,*20 Day Intro Offer £40,Bikram Yoga,Signed in,No,239228,
08/05/2017,Monday,10:00 AM,Sangeeta,BYL Canary Wharf,*20 Day Intro Offer £40,Bikram Yoga,Signed in,No,239228,
06/05/2017,Saturday,8:00 AM,Justine,BYL Canary Wharf,*20 Day Intro Offer £40,Bikram Yoga,Signed in,No,239228,
04/05/2017,Thursday,12:00 PM,Samantha,BYL Canary Wharf,*20 Day Intro Offer £40,Bikram Yoga,Signed in,No,239228,
03/05/2017,Wednesday,10:00 AM,Sangeeta,BYL Canary Wharf,*20 Day Intro Offer £40,Bikram Yoga,Signed in,No,239228,
02/05/2017,Tuesday,12:00 PM,Hassan,BYL Canary Wharf,*20 Day Intro Offer £40,Bikram Yoga,Signed in,No,239228,